codepoint,sprintf_a,subnormal
0x0000,0x0p+0, 
0x0001,0x0.4p-8,*
0x0002,0x0.8p-8,*
0x0003,0x0.cp-8,*
0x0004,0x0.1p-4,*
0x0005,0x0.14p-4,*
0x0006,0x0.18p-4,*
0x0007,0x0.1cp-4,*
0x0008,0x0.2p-4,*
0x0009,0x0.24p-4,*
0x000a,0x0.28p-4,*
0x000b,0x0.2cp-4,*
0x000c,0x0.3p-4,*
0x000d,0x0.34p-4,*
0x000e,0x0.38p-4,*
0x000f,0x0.3cp-4,*
0x0010,0x0.4p-4,*
0x0011,0x0.44p-4,*
0x0012,0x0.48p-4,*
0x0013,0x0.4cp-4,*
0x0014,0x0.5p-4,*
0x0015,0x0.54p-4,*
0x0016,0x0.58p-4,*
0x0017,0x0.5cp-4,*
0x0018,0x0.6p-4,*
0x0019,0x0.64p-4,*
0x001a,0x0.68p-4,*
0x001b,0x0.6cp-4,*
0x001c,0x0.7p-4,*
0x001d,0x0.74p-4,*
0x001e,0x0.78p-4,*
0x001f,0x0.7cp-4,*
0x0020,0x0.8p-4,*
0x0021,0x0.84p-4,*
0x0022,0x0.88p-4,*
0x0023,0x0.8cp-4,*
0x0024,0x0.9p-4,*
0x0025,0x0.94p-4,*
0x0026,0x0.98p-4,*
0x0027,0x0.9cp-4,*
0x0028,0x0.ap-4,*
0x0029,0x0.a4p-4,*
0x002a,0x0.a8p-4,*
0x002b,0x0.acp-4,*
0x002c,0x0.bp-4,*
0x002d,0x0.b4p-4,*
0x002e,0x0.b8p-4,*
0x002f,0x0.bcp-4,*
0x0030,0x0.cp-4,*
0x0031,0x0.c4p-4,*
0x0032,0x0.c8p-4,*
0x0033,0x0.ccp-4,*
0x0034,0x0.dp-4,*
0x0035,0x0.d4p-4,*
0x0036,0x0.d8p-4,*
0x0037,0x0.dcp-4,*
0x0038,0x0.ep-4,*
0x0039,0x0.e4p-4,*
0x003a,0x0.e8p-4,*
0x003b,0x0.ecp-4,*
0x003c,0x0.fp-4,*
0x003d,0x0.f4p-4,*
0x003e,0x0.f8p-4,*
0x003f,0x0.fcp-4,*
0x0040,0x0.1p+0,*
0x0041,0x0.104p+0,*
0x0042,0x0.108p+0,*
0x0043,0x0.10cp+0,*
0x0044,0x0.11p+0,*
0x0045,0x0.114p+0,*
0x0046,0x0.118p+0,*
0x0047,0x0.11cp+0,*
0x0048,0x0.12p+0,*
0x0049,0x0.124p+0,*
0x004a,0x0.128p+0,*
0x004b,0x0.12cp+0,*
0x004c,0x0.13p+0,*
0x004d,0x0.134p+0,*
0x004e,0x0.138p+0,*
0x004f,0x0.13cp+0,*
0x0050,0x0.14p+0,*
0x0051,0x0.144p+0,*
0x0052,0x0.148p+0,*
0x0053,0x0.14cp+0,*
0x0054,0x0.15p+0,*
0x0055,0x0.154p+0,*
0x0056,0x0.158p+0,*
0x0057,0x0.15cp+0,*
0x0058,0x0.16p+0,*
0x0059,0x0.164p+0,*
0x005a,0x0.168p+0,*
0x005b,0x0.16cp+0,*
0x005c,0x0.17p+0,*
0x005d,0x0.174p+0,*
0x005e,0x0.178p+0,*
0x005f,0x0.17cp+0,*
0x0060,0x0.18p+0,*
0x0061,0x0.184p+0,*
0x0062,0x0.188p+0,*
0x0063,0x0.18cp+0,*
0x0064,0x0.19p+0,*
0x0065,0x0.194p+0,*
0x0066,0x0.198p+0,*
0x0067,0x0.19cp+0,*
0x0068,0x0.1ap+0,*
0x0069,0x0.1a4p+0,*
0x006a,0x0.1a8p+0,*
0x006b,0x0.1acp+0,*
0x006c,0x0.1bp+0,*
0x006d,0x0.1b4p+0,*
0x006e,0x0.1b8p+0,*
0x006f,0x0.1bcp+0,*
0x0070,0x0.1cp+0,*
0x0071,0x0.1c4p+0,*
0x0072,0x0.1c8p+0,*
0x0073,0x0.1ccp+0,*
0x0074,0x0.1dp+0,*
0x0075,0x0.1d4p+0,*
0x0076,0x0.1d8p+0,*
0x0077,0x0.1dcp+0,*
0x0078,0x0.1ep+0,*
0x0079,0x0.1e4p+0,*
0x007a,0x0.1e8p+0,*
0x007b,0x0.1ecp+0,*
0x007c,0x0.1fp+0,*
0x007d,0x0.1f4p+0,*
0x007e,0x0.1f8p+0,*
0x007f,0x0.1fcp+0,*
0x0080,0x1p-3, 
0x0081,0x1.02p-3, 
0x0082,0x1.04p-3, 
0x0083,0x1.06p-3, 
0x0084,0x1.08p-3, 
0x0085,0x1.0ap-3, 
0x0086,0x1.0cp-3, 
0x0087,0x1.0ep-3, 
0x0088,0x1.1p-3, 
0x0089,0x1.12p-3, 
0x008a,0x1.14p-3, 
0x008b,0x1.16p-3, 
0x008c,0x1.18p-3, 
0x008d,0x1.1ap-3, 
0x008e,0x1.1cp-3, 
0x008f,0x1.1ep-3, 
0x0090,0x1.2p-3, 
0x0091,0x1.22p-3, 
0x0092,0x1.24p-3, 
0x0093,0x1.26p-3, 
0x0094,0x1.28p-3, 
0x0095,0x1.2ap-3, 
0x0096,0x1.2cp-3, 
0x0097,0x1.2ep-3, 
0x0098,0x1.3p-3, 
0x0099,0x1.32p-3, 
0x009a,0x1.34p-3, 
0x009b,0x1.36p-3, 
0x009c,0x1.38p-3, 
0x009d,0x1.3ap-3, 
0x009e,0x1.3cp-3, 
0x009f,0x1.3ep-3, 
0x00a0,0x1.4p-3, 
0x00a1,0x1.42p-3, 
0x00a2,0x1.44p-3, 
0x00a3,0x1.46p-3, 
0x00a4,0x1.48p-3, 
0x00a5,0x1.4ap-3, 
0x00a6,0x1.4cp-3, 
0x00a7,0x1.4ep-3, 
0x00a8,0x1.5p-3, 
0x00a9,0x1.52p-3, 
0x00aa,0x1.54p-3, 
0x00ab,0x1.56p-3, 
0x00ac,0x1.58p-3, 
0x00ad,0x1.5ap-3, 
0x00ae,0x1.5cp-3, 
0x00af,0x1.5ep-3, 
0x00b0,0x1.6p-3, 
0x00b1,0x1.62p-3, 
0x00b2,0x1.64p-3, 
0x00b3,0x1.66p-3, 
0x00b4,0x1.68p-3, 
0x00b5,0x1.6ap-3, 
0x00b6,0x1.6cp-3, 
0x00b7,0x1.6ep-3, 
0x00b8,0x1.7p-3, 
0x00b9,0x1.72p-3, 
0x00ba,0x1.74p-3, 
0x00bb,0x1.76p-3, 
0x00bc,0x1.78p-3, 
0x00bd,0x1.7ap-3, 
0x00be,0x1.7cp-3, 
0x00bf,0x1.7ep-3, 
0x00c0,0x1.8p-3, 
0x00c1,0x1.82p-3, 
0x00c2,0x1.84p-3, 
0x00c3,0x1.86p-3, 
0x00c4,0x1.88p-3, 
0x00c5,0x1.8ap-3, 
0x00c6,0x1.8cp-3, 
0x00c7,0x1.8ep-3, 
0x00c8,0x1.9p-3, 
0x00c9,0x1.92p-3, 
0x00ca,0x1.94p-3, 
0x00cb,0x1.96p-3, 
0x00cc,0x1.98p-3, 
0x00cd,0x1.9ap-3, 
0x00ce,0x1.9cp-3, 
0x00cf,0x1.9ep-3, 
0x00d0,0x1.ap-3, 
0x00d1,0x1.a2p-3, 
0x00d2,0x1.a4p-3, 
0x00d3,0x1.a6p-3, 
0x00d4,0x1.a8p-3, 
0x00d5,0x1.aap-3, 
0x00d6,0x1.acp-3, 
0x00d7,0x1.aep-3, 
0x00d8,0x1.bp-3, 
0x00d9,0x1.b2p-3, 
0x00da,0x1.b4p-3, 
0x00db,0x1.b6p-3, 
0x00dc,0x1.b8p-3, 
0x00dd,0x1.bap-3, 
0x00de,0x1.bcp-3, 
0x00df,0x1.bep-3, 
0x00e0,0x1.cp-3, 
0x00e1,0x1.c2p-3, 
0x00e2,0x1.c4p-3, 
0x00e3,0x1.c6p-3, 
0x00e4,0x1.c8p-3, 
0x00e5,0x1.cap-3, 
0x00e6,0x1.ccp-3, 
0x00e7,0x1.cep-3, 
0x00e8,0x1.dp-3, 
0x00e9,0x1.d2p-3, 
0x00ea,0x1.d4p-3, 
0x00eb,0x1.d6p-3, 
0x00ec,0x1.d8p-3, 
0x00ed,0x1.dap-3, 
0x00ee,0x1.dcp-3, 
0x00ef,0x1.dep-3, 
0x00f0,0x1.ep-3, 
0x00f1,0x1.e2p-3, 
0x00f2,0x1.e4p-3, 
0x00f3,0x1.e6p-3, 
0x00f4,0x1.e8p-3, 
0x00f5,0x1.eap-3, 
0x00f6,0x1.ecp-3, 
0x00f7,0x1.eep-3, 
0x00f8,0x1.fp-3, 
0x00f9,0x1.f2p-3, 
0x00fa,0x1.f4p-3, 
0x00fb,0x1.f6p-3, 
0x00fc,0x1.f8p-3, 
0x00fd,0x1.fap-3, 
0x00fe,0x1.fcp-3, 
0x00ff,0x1.fep-3, 
0x0100,0x1p-2, 
0x0101,0x1.02p-2, 
0x0102,0x1.04p-2, 
0x0103,0x1.06p-2, 
0x0104,0x1.08p-2, 
0x0105,0x1.0ap-2, 
0x0106,0x1.0cp-2, 
0x0107,0x1.0ep-2, 
0x0108,0x1.1p-2, 
0x0109,0x1.12p-2, 
0x010a,0x1.14p-2, 
0x010b,0x1.16p-2, 
0x010c,0x1.18p-2, 
0x010d,0x1.1ap-2, 
0x010e,0x1.1cp-2, 
0x010f,0x1.1ep-2, 
0x0110,0x1.2p-2, 
0x0111,0x1.22p-2, 
0x0112,0x1.24p-2, 
0x0113,0x1.26p-2, 
0x0114,0x1.28p-2, 
0x0115,0x1.2ap-2, 
0x0116,0x1.2cp-2, 
0x0117,0x1.2ep-2, 
0x0118,0x1.3p-2, 
0x0119,0x1.32p-2, 
0x011a,0x1.34p-2, 
0x011b,0x1.36p-2, 
0x011c,0x1.38p-2, 
0x011d,0x1.3ap-2, 
0x011e,0x1.3cp-2, 
0x011f,0x1.3ep-2, 
0x0120,0x1.4p-2, 
0x0121,0x1.42p-2, 
0x0122,0x1.44p-2, 
0x0123,0x1.46p-2, 
0x0124,0x1.48p-2, 
0x0125,0x1.4ap-2, 
0x0126,0x1.4cp-2, 
0x0127,0x1.4ep-2, 
0x0128,0x1.5p-2, 
0x0129,0x1.52p-2, 
0x012a,0x1.54p-2, 
0x012b,0x1.56p-2, 
0x012c,0x1.58p-2, 
0x012d,0x1.5ap-2, 
0x012e,0x1.5cp-2, 
0x012f,0x1.5ep-2, 
0x0130,0x1.6p-2, 
0x0131,0x1.62p-2, 
0x0132,0x1.64p-2, 
0x0133,0x1.66p-2, 
0x0134,0x1.68p-2, 
0x0135,0x1.6ap-2, 
0x0136,0x1.6cp-2, 
0x0137,0x1.6ep-2, 
0x0138,0x1.7p-2, 
0x0139,0x1.72p-2, 
0x013a,0x1.74p-2, 
0x013b,0x1.76p-2, 
0x013c,0x1.78p-2, 
0x013d,0x1.7ap-2, 
0x013e,0x1.7cp-2, 
0x013f,0x1.7ep-2, 
0x0140,0x1.8p-2, 
0x0141,0x1.82p-2, 
0x0142,0x1.84p-2, 
0x0143,0x1.86p-2, 
0x0144,0x1.88p-2, 
0x0145,0x1.8ap-2, 
0x0146,0x1.8cp-2, 
0x0147,0x1.8ep-2, 
0x0148,0x1.9p-2, 
0x0149,0x1.92p-2, 
0x014a,0x1.94p-2, 
0x014b,0x1.96p-2, 
0x014c,0x1.98p-2, 
0x014d,0x1.9ap-2, 
0x014e,0x1.9cp-2, 
0x014f,0x1.9ep-2, 
0x0150,0x1.ap-2, 
0x0151,0x1.a2p-2, 
0x0152,0x1.a4p-2, 
0x0153,0x1.a6p-2, 
0x0154,0x1.a8p-2, 
0x0155,0x1.aap-2, 
0x0156,0x1.acp-2, 
0x0157,0x1.aep-2, 
0x0158,0x1.bp-2, 
0x0159,0x1.b2p-2, 
0x015a,0x1.b4p-2, 
0x015b,0x1.b6p-2, 
0x015c,0x1.b8p-2, 
0x015d,0x1.bap-2, 
0x015e,0x1.bcp-2, 
0x015f,0x1.bep-2, 
0x0160,0x1.cp-2, 
0x0161,0x1.c2p-2, 
0x0162,0x1.c4p-2, 
0x0163,0x1.c6p-2, 
0x0164,0x1.c8p-2, 
0x0165,0x1.cap-2, 
0x0166,0x1.ccp-2, 
0x0167,0x1.cep-2, 
0x0168,0x1.dp-2, 
0x0169,0x1.d2p-2, 
0x016a,0x1.d4p-2, 
0x016b,0x1.d6p-2, 
0x016c,0x1.d8p-2, 
0x016d,0x1.dap-2, 
0x016e,0x1.dcp-2, 
0x016f,0x1.dep-2, 
0x0170,0x1.ep-2, 
0x0171,0x1.e2p-2, 
0x0172,0x1.e4p-2, 
0x0173,0x1.e6p-2, 
0x0174,0x1.e8p-2, 
0x0175,0x1.eap-2, 
0x0176,0x1.ecp-2, 
0x0177,0x1.eep-2, 
0x0178,0x1.fp-2, 
0x0179,0x1.f2p-2, 
0x017a,0x1.f4p-2, 
0x017b,0x1.f6p-2, 
0x017c,0x1.f8p-2, 
0x017d,0x1.fap-2, 
0x017e,0x1.fcp-2, 
0x017f,0x1.fep-2, 
0x0180,0x1p-1, 
0x0181,0x1.02p-1, 
0x0182,0x1.04p-1, 
0x0183,0x1.06p-1, 
0x0184,0x1.08p-1, 
0x0185,0x1.0ap-1, 
0x0186,0x1.0cp-1, 
0x0187,0x1.0ep-1, 
0x0188,0x1.1p-1, 
0x0189,0x1.12p-1, 
0x018a,0x1.14p-1, 
0x018b,0x1.16p-1, 
0x018c,0x1.18p-1, 
0x018d,0x1.1ap-1, 
0x018e,0x1.1cp-1, 
0x018f,0x1.1ep-1, 
0x0190,0x1.2p-1, 
0x0191,0x1.22p-1, 
0x0192,0x1.24p-1, 
0x0193,0x1.26p-1, 
0x0194,0x1.28p-1, 
0x0195,0x1.2ap-1, 
0x0196,0x1.2cp-1, 
0x0197,0x1.2ep-1, 
0x0198,0x1.3p-1, 
0x0199,0x1.32p-1, 
0x019a,0x1.34p-1, 
0x019b,0x1.36p-1, 
0x019c,0x1.38p-1, 
0x019d,0x1.3ap-1, 
0x019e,0x1.3cp-1, 
0x019f,0x1.3ep-1, 
0x01a0,0x1.4p-1, 
0x01a1,0x1.42p-1, 
0x01a2,0x1.44p-1, 
0x01a3,0x1.46p-1, 
0x01a4,0x1.48p-1, 
0x01a5,0x1.4ap-1, 
0x01a6,0x1.4cp-1, 
0x01a7,0x1.4ep-1, 
0x01a8,0x1.5p-1, 
0x01a9,0x1.52p-1, 
0x01aa,0x1.54p-1, 
0x01ab,0x1.56p-1, 
0x01ac,0x1.58p-1, 
0x01ad,0x1.5ap-1, 
0x01ae,0x1.5cp-1, 
0x01af,0x1.5ep-1, 
0x01b0,0x1.6p-1, 
0x01b1,0x1.62p-1, 
0x01b2,0x1.64p-1, 
0x01b3,0x1.66p-1, 
0x01b4,0x1.68p-1, 
0x01b5,0x1.6ap-1, 
0x01b6,0x1.6cp-1, 
0x01b7,0x1.6ep-1, 
0x01b8,0x1.7p-1, 
0x01b9,0x1.72p-1, 
0x01ba,0x1.74p-1, 
0x01bb,0x1.76p-1, 
0x01bc,0x1.78p-1, 
0x01bd,0x1.7ap-1, 
0x01be,0x1.7cp-1, 
0x01bf,0x1.7ep-1, 
0x01c0,0x1.8p-1, 
0x01c1,0x1.82p-1, 
0x01c2,0x1.84p-1, 
0x01c3,0x1.86p-1, 
0x01c4,0x1.88p-1, 
0x01c5,0x1.8ap-1, 
0x01c6,0x1.8cp-1, 
0x01c7,0x1.8ep-1, 
0x01c8,0x1.9p-1, 
0x01c9,0x1.92p-1, 
0x01ca,0x1.94p-1, 
0x01cb,0x1.96p-1, 
0x01cc,0x1.98p-1, 
0x01cd,0x1.9ap-1, 
0x01ce,0x1.9cp-1, 
0x01cf,0x1.9ep-1, 
0x01d0,0x1.ap-1, 
0x01d1,0x1.a2p-1, 
0x01d2,0x1.a4p-1, 
0x01d3,0x1.a6p-1, 
0x01d4,0x1.a8p-1, 
0x01d5,0x1.aap-1, 
0x01d6,0x1.acp-1, 
0x01d7,0x1.aep-1, 
0x01d8,0x1.bp-1, 
0x01d9,0x1.b2p-1, 
0x01da,0x1.b4p-1, 
0x01db,0x1.b6p-1, 
0x01dc,0x1.b8p-1, 
0x01dd,0x1.bap-1, 
0x01de,0x1.bcp-1, 
0x01df,0x1.bep-1, 
0x01e0,0x1.cp-1, 
0x01e1,0x1.c2p-1, 
0x01e2,0x1.c4p-1, 
0x01e3,0x1.c6p-1, 
0x01e4,0x1.c8p-1, 
0x01e5,0x1.cap-1, 
0x01e6,0x1.ccp-1, 
0x01e7,0x1.cep-1, 
0x01e8,0x1.dp-1, 
0x01e9,0x1.d2p-1, 
0x01ea,0x1.d4p-1, 
0x01eb,0x1.d6p-1, 
0x01ec,0x1.d8p-1, 
0x01ed,0x1.dap-1, 
0x01ee,0x1.dcp-1, 
0x01ef,0x1.dep-1, 
0x01f0,0x1.ep-1, 
0x01f1,0x1.e2p-1, 
0x01f2,0x1.e4p-1, 
0x01f3,0x1.e6p-1, 
0x01f4,0x1.e8p-1, 
0x01f5,0x1.eap-1, 
0x01f6,0x1.ecp-1, 
0x01f7,0x1.eep-1, 
0x01f8,0x1.fp-1, 
0x01f9,0x1.f2p-1, 
0x01fa,0x1.f4p-1, 
0x01fb,0x1.f6p-1, 
0x01fc,0x1.f8p-1, 
0x01fd,0x1.fap-1, 
0x01fe,0x1.fcp-1, 
0x01ff,0x1.fep-1, 
0x0200,0x1p+0, 
0x0201,0x1.02p+0, 
0x0202,0x1.04p+0, 
0x0203,0x1.06p+0, 
0x0204,0x1.08p+0, 
0x0205,0x1.0ap+0, 
0x0206,0x1.0cp+0, 
0x0207,0x1.0ep+0, 
0x0208,0x1.1p+0, 
0x0209,0x1.12p+0, 
0x020a,0x1.14p+0, 
0x020b,0x1.16p+0, 
0x020c,0x1.18p+0, 
0x020d,0x1.1ap+0, 
0x020e,0x1.1cp+0, 
0x020f,0x1.1ep+0, 
0x0210,0x1.2p+0, 
0x0211,0x1.22p+0, 
0x0212,0x1.24p+0, 
0x0213,0x1.26p+0, 
0x0214,0x1.28p+0, 
0x0215,0x1.2ap+0, 
0x0216,0x1.2cp+0, 
0x0217,0x1.2ep+0, 
0x0218,0x1.3p+0, 
0x0219,0x1.32p+0, 
0x021a,0x1.34p+0, 
0x021b,0x1.36p+0, 
0x021c,0x1.38p+0, 
0x021d,0x1.3ap+0, 
0x021e,0x1.3cp+0, 
0x021f,0x1.3ep+0, 
0x0220,0x1.4p+0, 
0x0221,0x1.42p+0, 
0x0222,0x1.44p+0, 
0x0223,0x1.46p+0, 
0x0224,0x1.48p+0, 
0x0225,0x1.4ap+0, 
0x0226,0x1.4cp+0, 
0x0227,0x1.4ep+0, 
0x0228,0x1.5p+0, 
0x0229,0x1.52p+0, 
0x022a,0x1.54p+0, 
0x022b,0x1.56p+0, 
0x022c,0x1.58p+0, 
0x022d,0x1.5ap+0, 
0x022e,0x1.5cp+0, 
0x022f,0x1.5ep+0, 
0x0230,0x1.6p+0, 
0x0231,0x1.62p+0, 
0x0232,0x1.64p+0, 
0x0233,0x1.66p+0, 
0x0234,0x1.68p+0, 
0x0235,0x1.6ap+0, 
0x0236,0x1.6cp+0, 
0x0237,0x1.6ep+0, 
0x0238,0x1.7p+0, 
0x0239,0x1.72p+0, 
0x023a,0x1.74p+0, 
0x023b,0x1.76p+0, 
0x023c,0x1.78p+0, 
0x023d,0x1.7ap+0, 
0x023e,0x1.7cp+0, 
0x023f,0x1.7ep+0, 
0x0240,0x1.8p+0, 
0x0241,0x1.82p+0, 
0x0242,0x1.84p+0, 
0x0243,0x1.86p+0, 
0x0244,0x1.88p+0, 
0x0245,0x1.8ap+0, 
0x0246,0x1.8cp+0, 
0x0247,0x1.8ep+0, 
0x0248,0x1.9p+0, 
0x0249,0x1.92p+0, 
0x024a,0x1.94p+0, 
0x024b,0x1.96p+0, 
0x024c,0x1.98p+0, 
0x024d,0x1.9ap+0, 
0x024e,0x1.9cp+0, 
0x024f,0x1.9ep+0, 
0x0250,0x1.ap+0, 
0x0251,0x1.a2p+0, 
0x0252,0x1.a4p+0, 
0x0253,0x1.a6p+0, 
0x0254,0x1.a8p+0, 
0x0255,0x1.aap+0, 
0x0256,0x1.acp+0, 
0x0257,0x1.aep+0, 
0x0258,0x1.bp+0, 
0x0259,0x1.b2p+0, 
0x025a,0x1.b4p+0, 
0x025b,0x1.b6p+0, 
0x025c,0x1.b8p+0, 
0x025d,0x1.bap+0, 
0x025e,0x1.bcp+0, 
0x025f,0x1.bep+0, 
0x0260,0x1.cp+0, 
0x0261,0x1.c2p+0, 
0x0262,0x1.c4p+0, 
0x0263,0x1.c6p+0, 
0x0264,0x1.c8p+0, 
0x0265,0x1.cap+0, 
0x0266,0x1.ccp+0, 
0x0267,0x1.cep+0, 
0x0268,0x1.dp+0, 
0x0269,0x1.d2p+0, 
0x026a,0x1.d4p+0, 
0x026b,0x1.d6p+0, 
0x026c,0x1.d8p+0, 
0x026d,0x1.dap+0, 
0x026e,0x1.dcp+0, 
0x026f,0x1.dep+0, 
0x0270,0x1.ep+0, 
0x0271,0x1.e2p+0, 
0x0272,0x1.e4p+0, 
0x0273,0x1.e6p+0, 
0x0274,0x1.e8p+0, 
0x0275,0x1.eap+0, 
0x0276,0x1.ecp+0, 
0x0277,0x1.eep+0, 
0x0278,0x1.fp+0, 
0x0279,0x1.f2p+0, 
0x027a,0x1.f4p+0, 
0x027b,0x1.f6p+0, 
0x027c,0x1.f8p+0, 
0x027d,0x1.fap+0, 
0x027e,0x1.fcp+0, 
0x027f,0x1.fep+0, 
0x0280,0x1p+1, 
0x0281,0x1.02p+1, 
0x0282,0x1.04p+1, 
0x0283,0x1.06p+1, 
0x0284,0x1.08p+1, 
0x0285,0x1.0ap+1, 
0x0286,0x1.0cp+1, 
0x0287,0x1.0ep+1, 
0x0288,0x1.1p+1, 
0x0289,0x1.12p+1, 
0x028a,0x1.14p+1, 
0x028b,0x1.16p+1, 
0x028c,0x1.18p+1, 
0x028d,0x1.1ap+1, 
0x028e,0x1.1cp+1, 
0x028f,0x1.1ep+1, 
0x0290,0x1.2p+1, 
0x0291,0x1.22p+1, 
0x0292,0x1.24p+1, 
0x0293,0x1.26p+1, 
0x0294,0x1.28p+1, 
0x0295,0x1.2ap+1, 
0x0296,0x1.2cp+1, 
0x0297,0x1.2ep+1, 
0x0298,0x1.3p+1, 
0x0299,0x1.32p+1, 
0x029a,0x1.34p+1, 
0x029b,0x1.36p+1, 
0x029c,0x1.38p+1, 
0x029d,0x1.3ap+1, 
0x029e,0x1.3cp+1, 
0x029f,0x1.3ep+1, 
0x02a0,0x1.4p+1, 
0x02a1,0x1.42p+1, 
0x02a2,0x1.44p+1, 
0x02a3,0x1.46p+1, 
0x02a4,0x1.48p+1, 
0x02a5,0x1.4ap+1, 
0x02a6,0x1.4cp+1, 
0x02a7,0x1.4ep+1, 
0x02a8,0x1.5p+1, 
0x02a9,0x1.52p+1, 
0x02aa,0x1.54p+1, 
0x02ab,0x1.56p+1, 
0x02ac,0x1.58p+1, 
0x02ad,0x1.5ap+1, 
0x02ae,0x1.5cp+1, 
0x02af,0x1.5ep+1, 
0x02b0,0x1.6p+1, 
0x02b1,0x1.62p+1, 
0x02b2,0x1.64p+1, 
0x02b3,0x1.66p+1, 
0x02b4,0x1.68p+1, 
0x02b5,0x1.6ap+1, 
0x02b6,0x1.6cp+1, 
0x02b7,0x1.6ep+1, 
0x02b8,0x1.7p+1, 
0x02b9,0x1.72p+1, 
0x02ba,0x1.74p+1, 
0x02bb,0x1.76p+1, 
0x02bc,0x1.78p+1, 
0x02bd,0x1.7ap+1, 
0x02be,0x1.7cp+1, 
0x02bf,0x1.7ep+1, 
0x02c0,0x1.8p+1, 
0x02c1,0x1.82p+1, 
0x02c2,0x1.84p+1, 
0x02c3,0x1.86p+1, 
0x02c4,0x1.88p+1, 
0x02c5,0x1.8ap+1, 
0x02c6,0x1.8cp+1, 
0x02c7,0x1.8ep+1, 
0x02c8,0x1.9p+1, 
0x02c9,0x1.92p+1, 
0x02ca,0x1.94p+1, 
0x02cb,0x1.96p+1, 
0x02cc,0x1.98p+1, 
0x02cd,0x1.9ap+1, 
0x02ce,0x1.9cp+1, 
0x02cf,0x1.9ep+1, 
0x02d0,0x1.ap+1, 
0x02d1,0x1.a2p+1, 
0x02d2,0x1.a4p+1, 
0x02d3,0x1.a6p+1, 
0x02d4,0x1.a8p+1, 
0x02d5,0x1.aap+1, 
0x02d6,0x1.acp+1, 
0x02d7,0x1.aep+1, 
0x02d8,0x1.bp+1, 
0x02d9,0x1.b2p+1, 
0x02da,0x1.b4p+1, 
0x02db,0x1.b6p+1, 
0x02dc,0x1.b8p+1, 
0x02dd,0x1.bap+1, 
0x02de,0x1.bcp+1, 
0x02df,0x1.bep+1, 
0x02e0,0x1.cp+1, 
0x02e1,0x1.c2p+1, 
0x02e2,0x1.c4p+1, 
0x02e3,0x1.c6p+1, 
0x02e4,0x1.c8p+1, 
0x02e5,0x1.cap+1, 
0x02e6,0x1.ccp+1, 
0x02e7,0x1.cep+1, 
0x02e8,0x1.dp+1, 
0x02e9,0x1.d2p+1, 
0x02ea,0x1.d4p+1, 
0x02eb,0x1.d6p+1, 
0x02ec,0x1.d8p+1, 
0x02ed,0x1.dap+1, 
0x02ee,0x1.dcp+1, 
0x02ef,0x1.dep+1, 
0x02f0,0x1.ep+1, 
0x02f1,0x1.e2p+1, 
0x02f2,0x1.e4p+1, 
0x02f3,0x1.e6p+1, 
0x02f4,0x1.e8p+1, 
0x02f5,0x1.eap+1, 
0x02f6,0x1.ecp+1, 
0x02f7,0x1.eep+1, 
0x02f8,0x1.fp+1, 
0x02f9,0x1.f2p+1, 
0x02fa,0x1.f4p+1, 
0x02fb,0x1.f6p+1, 
0x02fc,0x1.f8p+1, 
0x02fd,0x1.fap+1, 
0x02fe,0x1.fcp+1, 
0x02ff,0x1.fep+1, 
0x0300,0x1p+2, 
0x0301,0x1.02p+2, 
0x0302,0x1.04p+2, 
0x0303,0x1.06p+2, 
0x0304,0x1.08p+2, 
0x0305,0x1.0ap+2, 
0x0306,0x1.0cp+2, 
0x0307,0x1.0ep+2, 
0x0308,0x1.1p+2, 
0x0309,0x1.12p+2, 
0x030a,0x1.14p+2, 
0x030b,0x1.16p+2, 
0x030c,0x1.18p+2, 
0x030d,0x1.1ap+2, 
0x030e,0x1.1cp+2, 
0x030f,0x1.1ep+2, 
0x0310,0x1.2p+2, 
0x0311,0x1.22p+2, 
0x0312,0x1.24p+2, 
0x0313,0x1.26p+2, 
0x0314,0x1.28p+2, 
0x0315,0x1.2ap+2, 
0x0316,0x1.2cp+2, 
0x0317,0x1.2ep+2, 
0x0318,0x1.3p+2, 
0x0319,0x1.32p+2, 
0x031a,0x1.34p+2, 
0x031b,0x1.36p+2, 
0x031c,0x1.38p+2, 
0x031d,0x1.3ap+2, 
0x031e,0x1.3cp+2, 
0x031f,0x1.3ep+2, 
0x0320,0x1.4p+2, 
0x0321,0x1.42p+2, 
0x0322,0x1.44p+2, 
0x0323,0x1.46p+2, 
0x0324,0x1.48p+2, 
0x0325,0x1.4ap+2, 
0x0326,0x1.4cp+2, 
0x0327,0x1.4ep+2, 
0x0328,0x1.5p+2, 
0x0329,0x1.52p+2, 
0x032a,0x1.54p+2, 
0x032b,0x1.56p+2, 
0x032c,0x1.58p+2, 
0x032d,0x1.5ap+2, 
0x032e,0x1.5cp+2, 
0x032f,0x1.5ep+2, 
0x0330,0x1.6p+2, 
0x0331,0x1.62p+2, 
0x0332,0x1.64p+2, 
0x0333,0x1.66p+2, 
0x0334,0x1.68p+2, 
0x0335,0x1.6ap+2, 
0x0336,0x1.6cp+2, 
0x0337,0x1.6ep+2, 
0x0338,0x1.7p+2, 
0x0339,0x1.72p+2, 
0x033a,0x1.74p+2, 
0x033b,0x1.76p+2, 
0x033c,0x1.78p+2, 
0x033d,0x1.7ap+2, 
0x033e,0x1.7cp+2, 
0x033f,0x1.7ep+2, 
0x0340,0x1.8p+2, 
0x0341,0x1.82p+2, 
0x0342,0x1.84p+2, 
0x0343,0x1.86p+2, 
0x0344,0x1.88p+2, 
0x0345,0x1.8ap+2, 
0x0346,0x1.8cp+2, 
0x0347,0x1.8ep+2, 
0x0348,0x1.9p+2, 
0x0349,0x1.92p+2, 
0x034a,0x1.94p+2, 
0x034b,0x1.96p+2, 
0x034c,0x1.98p+2, 
0x034d,0x1.9ap+2, 
0x034e,0x1.9cp+2, 
0x034f,0x1.9ep+2, 
0x0350,0x1.ap+2, 
0x0351,0x1.a2p+2, 
0x0352,0x1.a4p+2, 
0x0353,0x1.a6p+2, 
0x0354,0x1.a8p+2, 
0x0355,0x1.aap+2, 
0x0356,0x1.acp+2, 
0x0357,0x1.aep+2, 
0x0358,0x1.bp+2, 
0x0359,0x1.b2p+2, 
0x035a,0x1.b4p+2, 
0x035b,0x1.b6p+2, 
0x035c,0x1.b8p+2, 
0x035d,0x1.bap+2, 
0x035e,0x1.bcp+2, 
0x035f,0x1.bep+2, 
0x0360,0x1.cp+2, 
0x0361,0x1.c2p+2, 
0x0362,0x1.c4p+2, 
0x0363,0x1.c6p+2, 
0x0364,0x1.c8p+2, 
0x0365,0x1.cap+2, 
0x0366,0x1.ccp+2, 
0x0367,0x1.cep+2, 
0x0368,0x1.dp+2, 
0x0369,0x1.d2p+2, 
0x036a,0x1.d4p+2, 
0x036b,0x1.d6p+2, 
0x036c,0x1.d8p+2, 
0x036d,0x1.dap+2, 
0x036e,0x1.dcp+2, 
0x036f,0x1.dep+2, 
0x0370,0x1.ep+2, 
0x0371,0x1.e2p+2, 
0x0372,0x1.e4p+2, 
0x0373,0x1.e6p+2, 
0x0374,0x1.e8p+2, 
0x0375,0x1.eap+2, 
0x0376,0x1.ecp+2, 
0x0377,0x1.eep+2, 
0x0378,0x1.fp+2, 
0x0379,0x1.f2p+2, 
0x037a,0x1.f4p+2, 
0x037b,0x1.f6p+2, 
0x037c,0x1.f8p+2, 
0x037d,0x1.fap+2, 
0x037e,0x1.fcp+2, 
0x037f,0x1.fep+2, 
0x0380,0x1p+3, 
0x0381,0x1.02p+3, 
0x0382,0x1.04p+3, 
0x0383,0x1.06p+3, 
0x0384,0x1.08p+3, 
0x0385,0x1.0ap+3, 
0x0386,0x1.0cp+3, 
0x0387,0x1.0ep+3, 
0x0388,0x1.1p+3, 
0x0389,0x1.12p+3, 
0x038a,0x1.14p+3, 
0x038b,0x1.16p+3, 
0x038c,0x1.18p+3, 
0x038d,0x1.1ap+3, 
0x038e,0x1.1cp+3, 
0x038f,0x1.1ep+3, 
0x0390,0x1.2p+3, 
0x0391,0x1.22p+3, 
0x0392,0x1.24p+3, 
0x0393,0x1.26p+3, 
0x0394,0x1.28p+3, 
0x0395,0x1.2ap+3, 
0x0396,0x1.2cp+3, 
0x0397,0x1.2ep+3, 
0x0398,0x1.3p+3, 
0x0399,0x1.32p+3, 
0x039a,0x1.34p+3, 
0x039b,0x1.36p+3, 
0x039c,0x1.38p+3, 
0x039d,0x1.3ap+3, 
0x039e,0x1.3cp+3, 
0x039f,0x1.3ep+3, 
0x03a0,0x1.4p+3, 
0x03a1,0x1.42p+3, 
0x03a2,0x1.44p+3, 
0x03a3,0x1.46p+3, 
0x03a4,0x1.48p+3, 
0x03a5,0x1.4ap+3, 
0x03a6,0x1.4cp+3, 
0x03a7,0x1.4ep+3, 
0x03a8,0x1.5p+3, 
0x03a9,0x1.52p+3, 
0x03aa,0x1.54p+3, 
0x03ab,0x1.56p+3, 
0x03ac,0x1.58p+3, 
0x03ad,0x1.5ap+3, 
0x03ae,0x1.5cp+3, 
0x03af,0x1.5ep+3, 
0x03b0,0x1.6p+3, 
0x03b1,0x1.62p+3, 
0x03b2,0x1.64p+3, 
0x03b3,0x1.66p+3, 
0x03b4,0x1.68p+3, 
0x03b5,0x1.6ap+3, 
0x03b6,0x1.6cp+3, 
0x03b7,0x1.6ep+3, 
0x03b8,0x1.7p+3, 
0x03b9,0x1.72p+3, 
0x03ba,0x1.74p+3, 
0x03bb,0x1.76p+3, 
0x03bc,0x1.78p+3, 
0x03bd,0x1.7ap+3, 
0x03be,0x1.7cp+3, 
0x03bf,0x1.7ep+3, 
0x03c0,0x1.8p+3, 
0x03c1,0x1.82p+3, 
0x03c2,0x1.84p+3, 
0x03c3,0x1.86p+3, 
0x03c4,0x1.88p+3, 
0x03c5,0x1.8ap+3, 
0x03c6,0x1.8cp+3, 
0x03c7,0x1.8ep+3, 
0x03c8,0x1.9p+3, 
0x03c9,0x1.92p+3, 
0x03ca,0x1.94p+3, 
0x03cb,0x1.96p+3, 
0x03cc,0x1.98p+3, 
0x03cd,0x1.9ap+3, 
0x03ce,0x1.9cp+3, 
0x03cf,0x1.9ep+3, 
0x03d0,0x1.ap+3, 
0x03d1,0x1.a2p+3, 
0x03d2,0x1.a4p+3, 
0x03d3,0x1.a6p+3, 
0x03d4,0x1.a8p+3, 
0x03d5,0x1.aap+3, 
0x03d6,0x1.acp+3, 
0x03d7,0x1.aep+3, 
0x03d8,0x1.bp+3, 
0x03d9,0x1.b2p+3, 
0x03da,0x1.b4p+3, 
0x03db,0x1.b6p+3, 
0x03dc,0x1.b8p+3, 
0x03dd,0x1.bap+3, 
0x03de,0x1.bcp+3, 
0x03df,0x1.bep+3, 
0x03e0,0x1.cp+3, 
0x03e1,0x1.c2p+3, 
0x03e2,0x1.c4p+3, 
0x03e3,0x1.c6p+3, 
0x03e4,0x1.c8p+3, 
0x03e5,0x1.cap+3, 
0x03e6,0x1.ccp+3, 
0x03e7,0x1.cep+3, 
0x03e8,0x1.dp+3, 
0x03e9,0x1.d2p+3, 
0x03ea,0x1.d4p+3, 
0x03eb,0x1.d6p+3, 
0x03ec,0x1.d8p+3, 
0x03ed,0x1.dap+3, 
0x03ee,0x1.dcp+3, 
0x03ef,0x1.dep+3, 
0x03f0,0x1.ep+3, 
0x03f1,0x1.e2p+3, 
0x03f2,0x1.e4p+3, 
0x03f3,0x1.e6p+3, 
0x03f4,0x1.e8p+3, 
0x03f5,0x1.eap+3, 
0x03f6,0x1.ecp+3, 
0x03f7,0x1.eep+3, 
0x03f8,0x1.fp+3, 
0x03f9,0x1.f2p+3, 
0x03fa,0x1.f4p+3, 
0x03fb,0x1.f6p+3, 
0x03fc,0x1.f8p+3, 
0x03fd,0x1.fap+3, 
0x03fe,0x1.fcp+3, 
0x03ff,0x1.fep+3, 
0x0400,NaN, 
0x0401,-0x0.4p-8,*
0x0402,-0x0.8p-8,*
0x0403,-0x0.cp-8,*
0x0404,-0x0.1p-4,*
0x0405,-0x0.14p-4,*
0x0406,-0x0.18p-4,*
0x0407,-0x0.1cp-4,*
0x0408,-0x0.2p-4,*
0x0409,-0x0.24p-4,*
0x040a,-0x0.28p-4,*
0x040b,-0x0.2cp-4,*
0x040c,-0x0.3p-4,*
0x040d,-0x0.34p-4,*
0x040e,-0x0.38p-4,*
0x040f,-0x0.3cp-4,*
0x0410,-0x0.4p-4,*
0x0411,-0x0.44p-4,*
0x0412,-0x0.48p-4,*
0x0413,-0x0.4cp-4,*
0x0414,-0x0.5p-4,*
0x0415,-0x0.54p-4,*
0x0416,-0x0.58p-4,*
0x0417,-0x0.5cp-4,*
0x0418,-0x0.6p-4,*
0x0419,-0x0.64p-4,*
0x041a,-0x0.68p-4,*
0x041b,-0x0.6cp-4,*
0x041c,-0x0.7p-4,*
0x041d,-0x0.74p-4,*
0x041e,-0x0.78p-4,*
0x041f,-0x0.7cp-4,*
0x0420,-0x0.8p-4,*
0x0421,-0x0.84p-4,*
0x0422,-0x0.88p-4,*
0x0423,-0x0.8cp-4,*
0x0424,-0x0.9p-4,*
0x0425,-0x0.94p-4,*
0x0426,-0x0.98p-4,*
0x0427,-0x0.9cp-4,*
0x0428,-0x0.ap-4,*
0x0429,-0x0.a4p-4,*
0x042a,-0x0.a8p-4,*
0x042b,-0x0.acp-4,*
0x042c,-0x0.bp-4,*
0x042d,-0x0.b4p-4,*
0x042e,-0x0.b8p-4,*
0x042f,-0x0.bcp-4,*
0x0430,-0x0.cp-4,*
0x0431,-0x0.c4p-4,*
0x0432,-0x0.c8p-4,*
0x0433,-0x0.ccp-4,*
0x0434,-0x0.dp-4,*
0x0435,-0x0.d4p-4,*
0x0436,-0x0.d8p-4,*
0x0437,-0x0.dcp-4,*
0x0438,-0x0.ep-4,*
0x0439,-0x0.e4p-4,*
0x043a,-0x0.e8p-4,*
0x043b,-0x0.ecp-4,*
0x043c,-0x0.fp-4,*
0x043d,-0x0.f4p-4,*
0x043e,-0x0.f8p-4,*
0x043f,-0x0.fcp-4,*
0x0440,-0x0.1p+0,*
0x0441,-0x0.104p+0,*
0x0442,-0x0.108p+0,*
0x0443,-0x0.10cp+0,*
0x0444,-0x0.11p+0,*
0x0445,-0x0.114p+0,*
0x0446,-0x0.118p+0,*
0x0447,-0x0.11cp+0,*
0x0448,-0x0.12p+0,*
0x0449,-0x0.124p+0,*
0x044a,-0x0.128p+0,*
0x044b,-0x0.12cp+0,*
0x044c,-0x0.13p+0,*
0x044d,-0x0.134p+0,*
0x044e,-0x0.138p+0,*
0x044f,-0x0.13cp+0,*
0x0450,-0x0.14p+0,*
0x0451,-0x0.144p+0,*
0x0452,-0x0.148p+0,*
0x0453,-0x0.14cp+0,*
0x0454,-0x0.15p+0,*
0x0455,-0x0.154p+0,*
0x0456,-0x0.158p+0,*
0x0457,-0x0.15cp+0,*
0x0458,-0x0.16p+0,*
0x0459,-0x0.164p+0,*
0x045a,-0x0.168p+0,*
0x045b,-0x0.16cp+0,*
0x045c,-0x0.17p+0,*
0x045d,-0x0.174p+0,*
0x045e,-0x0.178p+0,*
0x045f,-0x0.17cp+0,*
0x0460,-0x0.18p+0,*
0x0461,-0x0.184p+0,*
0x0462,-0x0.188p+0,*
0x0463,-0x0.18cp+0,*
0x0464,-0x0.19p+0,*
0x0465,-0x0.194p+0,*
0x0466,-0x0.198p+0,*
0x0467,-0x0.19cp+0,*
0x0468,-0x0.1ap+0,*
0x0469,-0x0.1a4p+0,*
0x046a,-0x0.1a8p+0,*
0x046b,-0x0.1acp+0,*
0x046c,-0x0.1bp+0,*
0x046d,-0x0.1b4p+0,*
0x046e,-0x0.1b8p+0,*
0x046f,-0x0.1bcp+0,*
0x0470,-0x0.1cp+0,*
0x0471,-0x0.1c4p+0,*
0x0472,-0x0.1c8p+0,*
0x0473,-0x0.1ccp+0,*
0x0474,-0x0.1dp+0,*
0x0475,-0x0.1d4p+0,*
0x0476,-0x0.1d8p+0,*
0x0477,-0x0.1dcp+0,*
0x0478,-0x0.1ep+0,*
0x0479,-0x0.1e4p+0,*
0x047a,-0x0.1e8p+0,*
0x047b,-0x0.1ecp+0,*
0x047c,-0x0.1fp+0,*
0x047d,-0x0.1f4p+0,*
0x047e,-0x0.1f8p+0,*
0x047f,-0x0.1fcp+0,*
0x0480,-0x1p-3, 
0x0481,-0x1.02p-3, 
0x0482,-0x1.04p-3, 
0x0483,-0x1.06p-3, 
0x0484,-0x1.08p-3, 
0x0485,-0x1.0ap-3, 
0x0486,-0x1.0cp-3, 
0x0487,-0x1.0ep-3, 
0x0488,-0x1.1p-3, 
0x0489,-0x1.12p-3, 
0x048a,-0x1.14p-3, 
0x048b,-0x1.16p-3, 
0x048c,-0x1.18p-3, 
0x048d,-0x1.1ap-3, 
0x048e,-0x1.1cp-3, 
0x048f,-0x1.1ep-3, 
0x0490,-0x1.2p-3, 
0x0491,-0x1.22p-3, 
0x0492,-0x1.24p-3, 
0x0493,-0x1.26p-3, 
0x0494,-0x1.28p-3, 
0x0495,-0x1.2ap-3, 
0x0496,-0x1.2cp-3, 
0x0497,-0x1.2ep-3, 
0x0498,-0x1.3p-3, 
0x0499,-0x1.32p-3, 
0x049a,-0x1.34p-3, 
0x049b,-0x1.36p-3, 
0x049c,-0x1.38p-3, 
0x049d,-0x1.3ap-3, 
0x049e,-0x1.3cp-3, 
0x049f,-0x1.3ep-3, 
0x04a0,-0x1.4p-3, 
0x04a1,-0x1.42p-3, 
0x04a2,-0x1.44p-3, 
0x04a3,-0x1.46p-3, 
0x04a4,-0x1.48p-3, 
0x04a5,-0x1.4ap-3, 
0x04a6,-0x1.4cp-3, 
0x04a7,-0x1.4ep-3, 
0x04a8,-0x1.5p-3, 
0x04a9,-0x1.52p-3, 
0x04aa,-0x1.54p-3, 
0x04ab,-0x1.56p-3, 
0x04ac,-0x1.58p-3, 
0x04ad,-0x1.5ap-3, 
0x04ae,-0x1.5cp-3, 
0x04af,-0x1.5ep-3, 
0x04b0,-0x1.6p-3, 
0x04b1,-0x1.62p-3, 
0x04b2,-0x1.64p-3, 
0x04b3,-0x1.66p-3, 
0x04b4,-0x1.68p-3, 
0x04b5,-0x1.6ap-3, 
0x04b6,-0x1.6cp-3, 
0x04b7,-0x1.6ep-3, 
0x04b8,-0x1.7p-3, 
0x04b9,-0x1.72p-3, 
0x04ba,-0x1.74p-3, 
0x04bb,-0x1.76p-3, 
0x04bc,-0x1.78p-3, 
0x04bd,-0x1.7ap-3, 
0x04be,-0x1.7cp-3, 
0x04bf,-0x1.7ep-3, 
0x04c0,-0x1.8p-3, 
0x04c1,-0x1.82p-3, 
0x04c2,-0x1.84p-3, 
0x04c3,-0x1.86p-3, 
0x04c4,-0x1.88p-3, 
0x04c5,-0x1.8ap-3, 
0x04c6,-0x1.8cp-3, 
0x04c7,-0x1.8ep-3, 
0x04c8,-0x1.9p-3, 
0x04c9,-0x1.92p-3, 
0x04ca,-0x1.94p-3, 
0x04cb,-0x1.96p-3, 
0x04cc,-0x1.98p-3, 
0x04cd,-0x1.9ap-3, 
0x04ce,-0x1.9cp-3, 
0x04cf,-0x1.9ep-3, 
0x04d0,-0x1.ap-3, 
0x04d1,-0x1.a2p-3, 
0x04d2,-0x1.a4p-3, 
0x04d3,-0x1.a6p-3, 
0x04d4,-0x1.a8p-3, 
0x04d5,-0x1.aap-3, 
0x04d6,-0x1.acp-3, 
0x04d7,-0x1.aep-3, 
0x04d8,-0x1.bp-3, 
0x04d9,-0x1.b2p-3, 
0x04da,-0x1.b4p-3, 
0x04db,-0x1.b6p-3, 
0x04dc,-0x1.b8p-3, 
0x04dd,-0x1.bap-3, 
0x04de,-0x1.bcp-3, 
0x04df,-0x1.bep-3, 
0x04e0,-0x1.cp-3, 
0x04e1,-0x1.c2p-3, 
0x04e2,-0x1.c4p-3, 
0x04e3,-0x1.c6p-3, 
0x04e4,-0x1.c8p-3, 
0x04e5,-0x1.cap-3, 
0x04e6,-0x1.ccp-3, 
0x04e7,-0x1.cep-3, 
0x04e8,-0x1.dp-3, 
0x04e9,-0x1.d2p-3, 
0x04ea,-0x1.d4p-3, 
0x04eb,-0x1.d6p-3, 
0x04ec,-0x1.d8p-3, 
0x04ed,-0x1.dap-3, 
0x04ee,-0x1.dcp-3, 
0x04ef,-0x1.dep-3, 
0x04f0,-0x1.ep-3, 
0x04f1,-0x1.e2p-3, 
0x04f2,-0x1.e4p-3, 
0x04f3,-0x1.e6p-3, 
0x04f4,-0x1.e8p-3, 
0x04f5,-0x1.eap-3, 
0x04f6,-0x1.ecp-3, 
0x04f7,-0x1.eep-3, 
0x04f8,-0x1.fp-3, 
0x04f9,-0x1.f2p-3, 
0x04fa,-0x1.f4p-3, 
0x04fb,-0x1.f6p-3, 
0x04fc,-0x1.f8p-3, 
0x04fd,-0x1.fap-3, 
0x04fe,-0x1.fcp-3, 
0x04ff,-0x1.fep-3, 
0x0500,-0x1p-2, 
0x0501,-0x1.02p-2, 
0x0502,-0x1.04p-2, 
0x0503,-0x1.06p-2, 
0x0504,-0x1.08p-2, 
0x0505,-0x1.0ap-2, 
0x0506,-0x1.0cp-2, 
0x0507,-0x1.0ep-2, 
0x0508,-0x1.1p-2, 
0x0509,-0x1.12p-2, 
0x050a,-0x1.14p-2, 
0x050b,-0x1.16p-2, 
0x050c,-0x1.18p-2, 
0x050d,-0x1.1ap-2, 
0x050e,-0x1.1cp-2, 
0x050f,-0x1.1ep-2, 
0x0510,-0x1.2p-2, 
0x0511,-0x1.22p-2, 
0x0512,-0x1.24p-2, 
0x0513,-0x1.26p-2, 
0x0514,-0x1.28p-2, 
0x0515,-0x1.2ap-2, 
0x0516,-0x1.2cp-2, 
0x0517,-0x1.2ep-2, 
0x0518,-0x1.3p-2, 
0x0519,-0x1.32p-2, 
0x051a,-0x1.34p-2, 
0x051b,-0x1.36p-2, 
0x051c,-0x1.38p-2, 
0x051d,-0x1.3ap-2, 
0x051e,-0x1.3cp-2, 
0x051f,-0x1.3ep-2, 
0x0520,-0x1.4p-2, 
0x0521,-0x1.42p-2, 
0x0522,-0x1.44p-2, 
0x0523,-0x1.46p-2, 
0x0524,-0x1.48p-2, 
0x0525,-0x1.4ap-2, 
0x0526,-0x1.4cp-2, 
0x0527,-0x1.4ep-2, 
0x0528,-0x1.5p-2, 
0x0529,-0x1.52p-2, 
0x052a,-0x1.54p-2, 
0x052b,-0x1.56p-2, 
0x052c,-0x1.58p-2, 
0x052d,-0x1.5ap-2, 
0x052e,-0x1.5cp-2, 
0x052f,-0x1.5ep-2, 
0x0530,-0x1.6p-2, 
0x0531,-0x1.62p-2, 
0x0532,-0x1.64p-2, 
0x0533,-0x1.66p-2, 
0x0534,-0x1.68p-2, 
0x0535,-0x1.6ap-2, 
0x0536,-0x1.6cp-2, 
0x0537,-0x1.6ep-2, 
0x0538,-0x1.7p-2, 
0x0539,-0x1.72p-2, 
0x053a,-0x1.74p-2, 
0x053b,-0x1.76p-2, 
0x053c,-0x1.78p-2, 
0x053d,-0x1.7ap-2, 
0x053e,-0x1.7cp-2, 
0x053f,-0x1.7ep-2, 
0x0540,-0x1.8p-2, 
0x0541,-0x1.82p-2, 
0x0542,-0x1.84p-2, 
0x0543,-0x1.86p-2, 
0x0544,-0x1.88p-2, 
0x0545,-0x1.8ap-2, 
0x0546,-0x1.8cp-2, 
0x0547,-0x1.8ep-2, 
0x0548,-0x1.9p-2, 
0x0549,-0x1.92p-2, 
0x054a,-0x1.94p-2, 
0x054b,-0x1.96p-2, 
0x054c,-0x1.98p-2, 
0x054d,-0x1.9ap-2, 
0x054e,-0x1.9cp-2, 
0x054f,-0x1.9ep-2, 
0x0550,-0x1.ap-2, 
0x0551,-0x1.a2p-2, 
0x0552,-0x1.a4p-2, 
0x0553,-0x1.a6p-2, 
0x0554,-0x1.a8p-2, 
0x0555,-0x1.aap-2, 
0x0556,-0x1.acp-2, 
0x0557,-0x1.aep-2, 
0x0558,-0x1.bp-2, 
0x0559,-0x1.b2p-2, 
0x055a,-0x1.b4p-2, 
0x055b,-0x1.b6p-2, 
0x055c,-0x1.b8p-2, 
0x055d,-0x1.bap-2, 
0x055e,-0x1.bcp-2, 
0x055f,-0x1.bep-2, 
0x0560,-0x1.cp-2, 
0x0561,-0x1.c2p-2, 
0x0562,-0x1.c4p-2, 
0x0563,-0x1.c6p-2, 
0x0564,-0x1.c8p-2, 
0x0565,-0x1.cap-2, 
0x0566,-0x1.ccp-2, 
0x0567,-0x1.cep-2, 
0x0568,-0x1.dp-2, 
0x0569,-0x1.d2p-2, 
0x056a,-0x1.d4p-2, 
0x056b,-0x1.d6p-2, 
0x056c,-0x1.d8p-2, 
0x056d,-0x1.dap-2, 
0x056e,-0x1.dcp-2, 
0x056f,-0x1.dep-2, 
0x0570,-0x1.ep-2, 
0x0571,-0x1.e2p-2, 
0x0572,-0x1.e4p-2, 
0x0573,-0x1.e6p-2, 
0x0574,-0x1.e8p-2, 
0x0575,-0x1.eap-2, 
0x0576,-0x1.ecp-2, 
0x0577,-0x1.eep-2, 
0x0578,-0x1.fp-2, 
0x0579,-0x1.f2p-2, 
0x057a,-0x1.f4p-2, 
0x057b,-0x1.f6p-2, 
0x057c,-0x1.f8p-2, 
0x057d,-0x1.fap-2, 
0x057e,-0x1.fcp-2, 
0x057f,-0x1.fep-2, 
0x0580,-0x1p-1, 
0x0581,-0x1.02p-1, 
0x0582,-0x1.04p-1, 
0x0583,-0x1.06p-1, 
0x0584,-0x1.08p-1, 
0x0585,-0x1.0ap-1, 
0x0586,-0x1.0cp-1, 
0x0587,-0x1.0ep-1, 
0x0588,-0x1.1p-1, 
0x0589,-0x1.12p-1, 
0x058a,-0x1.14p-1, 
0x058b,-0x1.16p-1, 
0x058c,-0x1.18p-1, 
0x058d,-0x1.1ap-1, 
0x058e,-0x1.1cp-1, 
0x058f,-0x1.1ep-1, 
0x0590,-0x1.2p-1, 
0x0591,-0x1.22p-1, 
0x0592,-0x1.24p-1, 
0x0593,-0x1.26p-1, 
0x0594,-0x1.28p-1, 
0x0595,-0x1.2ap-1, 
0x0596,-0x1.2cp-1, 
0x0597,-0x1.2ep-1, 
0x0598,-0x1.3p-1, 
0x0599,-0x1.32p-1, 
0x059a,-0x1.34p-1, 
0x059b,-0x1.36p-1, 
0x059c,-0x1.38p-1, 
0x059d,-0x1.3ap-1, 
0x059e,-0x1.3cp-1, 
0x059f,-0x1.3ep-1, 
0x05a0,-0x1.4p-1, 
0x05a1,-0x1.42p-1, 
0x05a2,-0x1.44p-1, 
0x05a3,-0x1.46p-1, 
0x05a4,-0x1.48p-1, 
0x05a5,-0x1.4ap-1, 
0x05a6,-0x1.4cp-1, 
0x05a7,-0x1.4ep-1, 
0x05a8,-0x1.5p-1, 
0x05a9,-0x1.52p-1, 
0x05aa,-0x1.54p-1, 
0x05ab,-0x1.56p-1, 
0x05ac,-0x1.58p-1, 
0x05ad,-0x1.5ap-1, 
0x05ae,-0x1.5cp-1, 
0x05af,-0x1.5ep-1, 
0x05b0,-0x1.6p-1, 
0x05b1,-0x1.62p-1, 
0x05b2,-0x1.64p-1, 
0x05b3,-0x1.66p-1, 
0x05b4,-0x1.68p-1, 
0x05b5,-0x1.6ap-1, 
0x05b6,-0x1.6cp-1, 
0x05b7,-0x1.6ep-1, 
0x05b8,-0x1.7p-1, 
0x05b9,-0x1.72p-1, 
0x05ba,-0x1.74p-1, 
0x05bb,-0x1.76p-1, 
0x05bc,-0x1.78p-1, 
0x05bd,-0x1.7ap-1, 
0x05be,-0x1.7cp-1, 
0x05bf,-0x1.7ep-1, 
0x05c0,-0x1.8p-1, 
0x05c1,-0x1.82p-1, 
0x05c2,-0x1.84p-1, 
0x05c3,-0x1.86p-1, 
0x05c4,-0x1.88p-1, 
0x05c5,-0x1.8ap-1, 
0x05c6,-0x1.8cp-1, 
0x05c7,-0x1.8ep-1, 
0x05c8,-0x1.9p-1, 
0x05c9,-0x1.92p-1, 
0x05ca,-0x1.94p-1, 
0x05cb,-0x1.96p-1, 
0x05cc,-0x1.98p-1, 
0x05cd,-0x1.9ap-1, 
0x05ce,-0x1.9cp-1, 
0x05cf,-0x1.9ep-1, 
0x05d0,-0x1.ap-1, 
0x05d1,-0x1.a2p-1, 
0x05d2,-0x1.a4p-1, 
0x05d3,-0x1.a6p-1, 
0x05d4,-0x1.a8p-1, 
0x05d5,-0x1.aap-1, 
0x05d6,-0x1.acp-1, 
0x05d7,-0x1.aep-1, 
0x05d8,-0x1.bp-1, 
0x05d9,-0x1.b2p-1, 
0x05da,-0x1.b4p-1, 
0x05db,-0x1.b6p-1, 
0x05dc,-0x1.b8p-1, 
0x05dd,-0x1.bap-1, 
0x05de,-0x1.bcp-1, 
0x05df,-0x1.bep-1, 
0x05e0,-0x1.cp-1, 
0x05e1,-0x1.c2p-1, 
0x05e2,-0x1.c4p-1, 
0x05e3,-0x1.c6p-1, 
0x05e4,-0x1.c8p-1, 
0x05e5,-0x1.cap-1, 
0x05e6,-0x1.ccp-1, 
0x05e7,-0x1.cep-1, 
0x05e8,-0x1.dp-1, 
0x05e9,-0x1.d2p-1, 
0x05ea,-0x1.d4p-1, 
0x05eb,-0x1.d6p-1, 
0x05ec,-0x1.d8p-1, 
0x05ed,-0x1.dap-1, 
0x05ee,-0x1.dcp-1, 
0x05ef,-0x1.dep-1, 
0x05f0,-0x1.ep-1, 
0x05f1,-0x1.e2p-1, 
0x05f2,-0x1.e4p-1, 
0x05f3,-0x1.e6p-1, 
0x05f4,-0x1.e8p-1, 
0x05f5,-0x1.eap-1, 
0x05f6,-0x1.ecp-1, 
0x05f7,-0x1.eep-1, 
0x05f8,-0x1.fp-1, 
0x05f9,-0x1.f2p-1, 
0x05fa,-0x1.f4p-1, 
0x05fb,-0x1.f6p-1, 
0x05fc,-0x1.f8p-1, 
0x05fd,-0x1.fap-1, 
0x05fe,-0x1.fcp-1, 
0x05ff,-0x1.fep-1, 
0x0600,-0x1p+0, 
0x0601,-0x1.02p+0, 
0x0602,-0x1.04p+0, 
0x0603,-0x1.06p+0, 
0x0604,-0x1.08p+0, 
0x0605,-0x1.0ap+0, 
0x0606,-0x1.0cp+0, 
0x0607,-0x1.0ep+0, 
0x0608,-0x1.1p+0, 
0x0609,-0x1.12p+0, 
0x060a,-0x1.14p+0, 
0x060b,-0x1.16p+0, 
0x060c,-0x1.18p+0, 
0x060d,-0x1.1ap+0, 
0x060e,-0x1.1cp+0, 
0x060f,-0x1.1ep+0, 
0x0610,-0x1.2p+0, 
0x0611,-0x1.22p+0, 
0x0612,-0x1.24p+0, 
0x0613,-0x1.26p+0, 
0x0614,-0x1.28p+0, 
0x0615,-0x1.2ap+0, 
0x0616,-0x1.2cp+0, 
0x0617,-0x1.2ep+0, 
0x0618,-0x1.3p+0, 
0x0619,-0x1.32p+0, 
0x061a,-0x1.34p+0, 
0x061b,-0x1.36p+0, 
0x061c,-0x1.38p+0, 
0x061d,-0x1.3ap+0, 
0x061e,-0x1.3cp+0, 
0x061f,-0x1.3ep+0, 
0x0620,-0x1.4p+0, 
0x0621,-0x1.42p+0, 
0x0622,-0x1.44p+0, 
0x0623,-0x1.46p+0, 
0x0624,-0x1.48p+0, 
0x0625,-0x1.4ap+0, 
0x0626,-0x1.4cp+0, 
0x0627,-0x1.4ep+0, 
0x0628,-0x1.5p+0, 
0x0629,-0x1.52p+0, 
0x062a,-0x1.54p+0, 
0x062b,-0x1.56p+0, 
0x062c,-0x1.58p+0, 
0x062d,-0x1.5ap+0, 
0x062e,-0x1.5cp+0, 
0x062f,-0x1.5ep+0, 
0x0630,-0x1.6p+0, 
0x0631,-0x1.62p+0, 
0x0632,-0x1.64p+0, 
0x0633,-0x1.66p+0, 
0x0634,-0x1.68p+0, 
0x0635,-0x1.6ap+0, 
0x0636,-0x1.6cp+0, 
0x0637,-0x1.6ep+0, 
0x0638,-0x1.7p+0, 
0x0639,-0x1.72p+0, 
0x063a,-0x1.74p+0, 
0x063b,-0x1.76p+0, 
0x063c,-0x1.78p+0, 
0x063d,-0x1.7ap+0, 
0x063e,-0x1.7cp+0, 
0x063f,-0x1.7ep+0, 
0x0640,-0x1.8p+0, 
0x0641,-0x1.82p+0, 
0x0642,-0x1.84p+0, 
0x0643,-0x1.86p+0, 
0x0644,-0x1.88p+0, 
0x0645,-0x1.8ap+0, 
0x0646,-0x1.8cp+0, 
0x0647,-0x1.8ep+0, 
0x0648,-0x1.9p+0, 
0x0649,-0x1.92p+0, 
0x064a,-0x1.94p+0, 
0x064b,-0x1.96p+0, 
0x064c,-0x1.98p+0, 
0x064d,-0x1.9ap+0, 
0x064e,-0x1.9cp+0, 
0x064f,-0x1.9ep+0, 
0x0650,-0x1.ap+0, 
0x0651,-0x1.a2p+0, 
0x0652,-0x1.a4p+0, 
0x0653,-0x1.a6p+0, 
0x0654,-0x1.a8p+0, 
0x0655,-0x1.aap+0, 
0x0656,-0x1.acp+0, 
0x0657,-0x1.aep+0, 
0x0658,-0x1.bp+0, 
0x0659,-0x1.b2p+0, 
0x065a,-0x1.b4p+0, 
0x065b,-0x1.b6p+0, 
0x065c,-0x1.b8p+0, 
0x065d,-0x1.bap+0, 
0x065e,-0x1.bcp+0, 
0x065f,-0x1.bep+0, 
0x0660,-0x1.cp+0, 
0x0661,-0x1.c2p+0, 
0x0662,-0x1.c4p+0, 
0x0663,-0x1.c6p+0, 
0x0664,-0x1.c8p+0, 
0x0665,-0x1.cap+0, 
0x0666,-0x1.ccp+0, 
0x0667,-0x1.cep+0, 
0x0668,-0x1.dp+0, 
0x0669,-0x1.d2p+0, 
0x066a,-0x1.d4p+0, 
0x066b,-0x1.d6p+0, 
0x066c,-0x1.d8p+0, 
0x066d,-0x1.dap+0, 
0x066e,-0x1.dcp+0, 
0x066f,-0x1.dep+0, 
0x0670,-0x1.ep+0, 
0x0671,-0x1.e2p+0, 
0x0672,-0x1.e4p+0, 
0x0673,-0x1.e6p+0, 
0x0674,-0x1.e8p+0, 
0x0675,-0x1.eap+0, 
0x0676,-0x1.ecp+0, 
0x0677,-0x1.eep+0, 
0x0678,-0x1.fp+0, 
0x0679,-0x1.f2p+0, 
0x067a,-0x1.f4p+0, 
0x067b,-0x1.f6p+0, 
0x067c,-0x1.f8p+0, 
0x067d,-0x1.fap+0, 
0x067e,-0x1.fcp+0, 
0x067f,-0x1.fep+0, 
0x0680,-0x1p+1, 
0x0681,-0x1.02p+1, 
0x0682,-0x1.04p+1, 
0x0683,-0x1.06p+1, 
0x0684,-0x1.08p+1, 
0x0685,-0x1.0ap+1, 
0x0686,-0x1.0cp+1, 
0x0687,-0x1.0ep+1, 
0x0688,-0x1.1p+1, 
0x0689,-0x1.12p+1, 
0x068a,-0x1.14p+1, 
0x068b,-0x1.16p+1, 
0x068c,-0x1.18p+1, 
0x068d,-0x1.1ap+1, 
0x068e,-0x1.1cp+1, 
0x068f,-0x1.1ep+1, 
0x0690,-0x1.2p+1, 
0x0691,-0x1.22p+1, 
0x0692,-0x1.24p+1, 
0x0693,-0x1.26p+1, 
0x0694,-0x1.28p+1, 
0x0695,-0x1.2ap+1, 
0x0696,-0x1.2cp+1, 
0x0697,-0x1.2ep+1, 
0x0698,-0x1.3p+1, 
0x0699,-0x1.32p+1, 
0x069a,-0x1.34p+1, 
0x069b,-0x1.36p+1, 
0x069c,-0x1.38p+1, 
0x069d,-0x1.3ap+1, 
0x069e,-0x1.3cp+1, 
0x069f,-0x1.3ep+1, 
0x06a0,-0x1.4p+1, 
0x06a1,-0x1.42p+1, 
0x06a2,-0x1.44p+1, 
0x06a3,-0x1.46p+1, 
0x06a4,-0x1.48p+1, 
0x06a5,-0x1.4ap+1, 
0x06a6,-0x1.4cp+1, 
0x06a7,-0x1.4ep+1, 
0x06a8,-0x1.5p+1, 
0x06a9,-0x1.52p+1, 
0x06aa,-0x1.54p+1, 
0x06ab,-0x1.56p+1, 
0x06ac,-0x1.58p+1, 
0x06ad,-0x1.5ap+1, 
0x06ae,-0x1.5cp+1, 
0x06af,-0x1.5ep+1, 
0x06b0,-0x1.6p+1, 
0x06b1,-0x1.62p+1, 
0x06b2,-0x1.64p+1, 
0x06b3,-0x1.66p+1, 
0x06b4,-0x1.68p+1, 
0x06b5,-0x1.6ap+1, 
0x06b6,-0x1.6cp+1, 
0x06b7,-0x1.6ep+1, 
0x06b8,-0x1.7p+1, 
0x06b9,-0x1.72p+1, 
0x06ba,-0x1.74p+1, 
0x06bb,-0x1.76p+1, 
0x06bc,-0x1.78p+1, 
0x06bd,-0x1.7ap+1, 
0x06be,-0x1.7cp+1, 
0x06bf,-0x1.7ep+1, 
0x06c0,-0x1.8p+1, 
0x06c1,-0x1.82p+1, 
0x06c2,-0x1.84p+1, 
0x06c3,-0x1.86p+1, 
0x06c4,-0x1.88p+1, 
0x06c5,-0x1.8ap+1, 
0x06c6,-0x1.8cp+1, 
0x06c7,-0x1.8ep+1, 
0x06c8,-0x1.9p+1, 
0x06c9,-0x1.92p+1, 
0x06ca,-0x1.94p+1, 
0x06cb,-0x1.96p+1, 
0x06cc,-0x1.98p+1, 
0x06cd,-0x1.9ap+1, 
0x06ce,-0x1.9cp+1, 
0x06cf,-0x1.9ep+1, 
0x06d0,-0x1.ap+1, 
0x06d1,-0x1.a2p+1, 
0x06d2,-0x1.a4p+1, 
0x06d3,-0x1.a6p+1, 
0x06d4,-0x1.a8p+1, 
0x06d5,-0x1.aap+1, 
0x06d6,-0x1.acp+1, 
0x06d7,-0x1.aep+1, 
0x06d8,-0x1.bp+1, 
0x06d9,-0x1.b2p+1, 
0x06da,-0x1.b4p+1, 
0x06db,-0x1.b6p+1, 
0x06dc,-0x1.b8p+1, 
0x06dd,-0x1.bap+1, 
0x06de,-0x1.bcp+1, 
0x06df,-0x1.bep+1, 
0x06e0,-0x1.cp+1, 
0x06e1,-0x1.c2p+1, 
0x06e2,-0x1.c4p+1, 
0x06e3,-0x1.c6p+1, 
0x06e4,-0x1.c8p+1, 
0x06e5,-0x1.cap+1, 
0x06e6,-0x1.ccp+1, 
0x06e7,-0x1.cep+1, 
0x06e8,-0x1.dp+1, 
0x06e9,-0x1.d2p+1, 
0x06ea,-0x1.d4p+1, 
0x06eb,-0x1.d6p+1, 
0x06ec,-0x1.d8p+1, 
0x06ed,-0x1.dap+1, 
0x06ee,-0x1.dcp+1, 
0x06ef,-0x1.dep+1, 
0x06f0,-0x1.ep+1, 
0x06f1,-0x1.e2p+1, 
0x06f2,-0x1.e4p+1, 
0x06f3,-0x1.e6p+1, 
0x06f4,-0x1.e8p+1, 
0x06f5,-0x1.eap+1, 
0x06f6,-0x1.ecp+1, 
0x06f7,-0x1.eep+1, 
0x06f8,-0x1.fp+1, 
0x06f9,-0x1.f2p+1, 
0x06fa,-0x1.f4p+1, 
0x06fb,-0x1.f6p+1, 
0x06fc,-0x1.f8p+1, 
0x06fd,-0x1.fap+1, 
0x06fe,-0x1.fcp+1, 
0x06ff,-0x1.fep+1, 
0x0700,-0x1p+2, 
0x0701,-0x1.02p+2, 
0x0702,-0x1.04p+2, 
0x0703,-0x1.06p+2, 
0x0704,-0x1.08p+2, 
0x0705,-0x1.0ap+2, 
0x0706,-0x1.0cp+2, 
0x0707,-0x1.0ep+2, 
0x0708,-0x1.1p+2, 
0x0709,-0x1.12p+2, 
0x070a,-0x1.14p+2, 
0x070b,-0x1.16p+2, 
0x070c,-0x1.18p+2, 
0x070d,-0x1.1ap+2, 
0x070e,-0x1.1cp+2, 
0x070f,-0x1.1ep+2, 
0x0710,-0x1.2p+2, 
0x0711,-0x1.22p+2, 
0x0712,-0x1.24p+2, 
0x0713,-0x1.26p+2, 
0x0714,-0x1.28p+2, 
0x0715,-0x1.2ap+2, 
0x0716,-0x1.2cp+2, 
0x0717,-0x1.2ep+2, 
0x0718,-0x1.3p+2, 
0x0719,-0x1.32p+2, 
0x071a,-0x1.34p+2, 
0x071b,-0x1.36p+2, 
0x071c,-0x1.38p+2, 
0x071d,-0x1.3ap+2, 
0x071e,-0x1.3cp+2, 
0x071f,-0x1.3ep+2, 
0x0720,-0x1.4p+2, 
0x0721,-0x1.42p+2, 
0x0722,-0x1.44p+2, 
0x0723,-0x1.46p+2, 
0x0724,-0x1.48p+2, 
0x0725,-0x1.4ap+2, 
0x0726,-0x1.4cp+2, 
0x0727,-0x1.4ep+2, 
0x0728,-0x1.5p+2, 
0x0729,-0x1.52p+2, 
0x072a,-0x1.54p+2, 
0x072b,-0x1.56p+2, 
0x072c,-0x1.58p+2, 
0x072d,-0x1.5ap+2, 
0x072e,-0x1.5cp+2, 
0x072f,-0x1.5ep+2, 
0x0730,-0x1.6p+2, 
0x0731,-0x1.62p+2, 
0x0732,-0x1.64p+2, 
0x0733,-0x1.66p+2, 
0x0734,-0x1.68p+2, 
0x0735,-0x1.6ap+2, 
0x0736,-0x1.6cp+2, 
0x0737,-0x1.6ep+2, 
0x0738,-0x1.7p+2, 
0x0739,-0x1.72p+2, 
0x073a,-0x1.74p+2, 
0x073b,-0x1.76p+2, 
0x073c,-0x1.78p+2, 
0x073d,-0x1.7ap+2, 
0x073e,-0x1.7cp+2, 
0x073f,-0x1.7ep+2, 
0x0740,-0x1.8p+2, 
0x0741,-0x1.82p+2, 
0x0742,-0x1.84p+2, 
0x0743,-0x1.86p+2, 
0x0744,-0x1.88p+2, 
0x0745,-0x1.8ap+2, 
0x0746,-0x1.8cp+2, 
0x0747,-0x1.8ep+2, 
0x0748,-0x1.9p+2, 
0x0749,-0x1.92p+2, 
0x074a,-0x1.94p+2, 
0x074b,-0x1.96p+2, 
0x074c,-0x1.98p+2, 
0x074d,-0x1.9ap+2, 
0x074e,-0x1.9cp+2, 
0x074f,-0x1.9ep+2, 
0x0750,-0x1.ap+2, 
0x0751,-0x1.a2p+2, 
0x0752,-0x1.a4p+2, 
0x0753,-0x1.a6p+2, 
0x0754,-0x1.a8p+2, 
0x0755,-0x1.aap+2, 
0x0756,-0x1.acp+2, 
0x0757,-0x1.aep+2, 
0x0758,-0x1.bp+2, 
0x0759,-0x1.b2p+2, 
0x075a,-0x1.b4p+2, 
0x075b,-0x1.b6p+2, 
0x075c,-0x1.b8p+2, 
0x075d,-0x1.bap+2, 
0x075e,-0x1.bcp+2, 
0x075f,-0x1.bep+2, 
0x0760,-0x1.cp+2, 
0x0761,-0x1.c2p+2, 
0x0762,-0x1.c4p+2, 
0x0763,-0x1.c6p+2, 
0x0764,-0x1.c8p+2, 
0x0765,-0x1.cap+2, 
0x0766,-0x1.ccp+2, 
0x0767,-0x1.cep+2, 
0x0768,-0x1.dp+2, 
0x0769,-0x1.d2p+2, 
0x076a,-0x1.d4p+2, 
0x076b,-0x1.d6p+2, 
0x076c,-0x1.d8p+2, 
0x076d,-0x1.dap+2, 
0x076e,-0x1.dcp+2, 
0x076f,-0x1.dep+2, 
0x0770,-0x1.ep+2, 
0x0771,-0x1.e2p+2, 
0x0772,-0x1.e4p+2, 
0x0773,-0x1.e6p+2, 
0x0774,-0x1.e8p+2, 
0x0775,-0x1.eap+2, 
0x0776,-0x1.ecp+2, 
0x0777,-0x1.eep+2, 
0x0778,-0x1.fp+2, 
0x0779,-0x1.f2p+2, 
0x077a,-0x1.f4p+2, 
0x077b,-0x1.f6p+2, 
0x077c,-0x1.f8p+2, 
0x077d,-0x1.fap+2, 
0x077e,-0x1.fcp+2, 
0x077f,-0x1.fep+2, 
0x0780,-0x1p+3, 
0x0781,-0x1.02p+3, 
0x0782,-0x1.04p+3, 
0x0783,-0x1.06p+3, 
0x0784,-0x1.08p+3, 
0x0785,-0x1.0ap+3, 
0x0786,-0x1.0cp+3, 
0x0787,-0x1.0ep+3, 
0x0788,-0x1.1p+3, 
0x0789,-0x1.12p+3, 
0x078a,-0x1.14p+3, 
0x078b,-0x1.16p+3, 
0x078c,-0x1.18p+3, 
0x078d,-0x1.1ap+3, 
0x078e,-0x1.1cp+3, 
0x078f,-0x1.1ep+3, 
0x0790,-0x1.2p+3, 
0x0791,-0x1.22p+3, 
0x0792,-0x1.24p+3, 
0x0793,-0x1.26p+3, 
0x0794,-0x1.28p+3, 
0x0795,-0x1.2ap+3, 
0x0796,-0x1.2cp+3, 
0x0797,-0x1.2ep+3, 
0x0798,-0x1.3p+3, 
0x0799,-0x1.32p+3, 
0x079a,-0x1.34p+3, 
0x079b,-0x1.36p+3, 
0x079c,-0x1.38p+3, 
0x079d,-0x1.3ap+3, 
0x079e,-0x1.3cp+3, 
0x079f,-0x1.3ep+3, 
0x07a0,-0x1.4p+3, 
0x07a1,-0x1.42p+3, 
0x07a2,-0x1.44p+3, 
0x07a3,-0x1.46p+3, 
0x07a4,-0x1.48p+3, 
0x07a5,-0x1.4ap+3, 
0x07a6,-0x1.4cp+3, 
0x07a7,-0x1.4ep+3, 
0x07a8,-0x1.5p+3, 
0x07a9,-0x1.52p+3, 
0x07aa,-0x1.54p+3, 
0x07ab,-0x1.56p+3, 
0x07ac,-0x1.58p+3, 
0x07ad,-0x1.5ap+3, 
0x07ae,-0x1.5cp+3, 
0x07af,-0x1.5ep+3, 
0x07b0,-0x1.6p+3, 
0x07b1,-0x1.62p+3, 
0x07b2,-0x1.64p+3, 
0x07b3,-0x1.66p+3, 
0x07b4,-0x1.68p+3, 
0x07b5,-0x1.6ap+3, 
0x07b6,-0x1.6cp+3, 
0x07b7,-0x1.6ep+3, 
0x07b8,-0x1.7p+3, 
0x07b9,-0x1.72p+3, 
0x07ba,-0x1.74p+3, 
0x07bb,-0x1.76p+3, 
0x07bc,-0x1.78p+3, 
0x07bd,-0x1.7ap+3, 
0x07be,-0x1.7cp+3, 
0x07bf,-0x1.7ep+3, 
0x07c0,-0x1.8p+3, 
0x07c1,-0x1.82p+3, 
0x07c2,-0x1.84p+3, 
0x07c3,-0x1.86p+3, 
0x07c4,-0x1.88p+3, 
0x07c5,-0x1.8ap+3, 
0x07c6,-0x1.8cp+3, 
0x07c7,-0x1.8ep+3, 
0x07c8,-0x1.9p+3, 
0x07c9,-0x1.92p+3, 
0x07ca,-0x1.94p+3, 
0x07cb,-0x1.96p+3, 
0x07cc,-0x1.98p+3, 
0x07cd,-0x1.9ap+3, 
0x07ce,-0x1.9cp+3, 
0x07cf,-0x1.9ep+3, 
0x07d0,-0x1.ap+3, 
0x07d1,-0x1.a2p+3, 
0x07d2,-0x1.a4p+3, 
0x07d3,-0x1.a6p+3, 
0x07d4,-0x1.a8p+3, 
0x07d5,-0x1.aap+3, 
0x07d6,-0x1.acp+3, 
0x07d7,-0x1.aep+3, 
0x07d8,-0x1.bp+3, 
0x07d9,-0x1.b2p+3, 
0x07da,-0x1.b4p+3, 
0x07db,-0x1.b6p+3, 
0x07dc,-0x1.b8p+3, 
0x07dd,-0x1.bap+3, 
0x07de,-0x1.bcp+3, 
0x07df,-0x1.bep+3, 
0x07e0,-0x1.cp+3, 
0x07e1,-0x1.c2p+3, 
0x07e2,-0x1.c4p+3, 
0x07e3,-0x1.c6p+3, 
0x07e4,-0x1.c8p+3, 
0x07e5,-0x1.cap+3, 
0x07e6,-0x1.ccp+3, 
0x07e7,-0x1.cep+3, 
0x07e8,-0x1.dp+3, 
0x07e9,-0x1.d2p+3, 
0x07ea,-0x1.d4p+3, 
0x07eb,-0x1.d6p+3, 
0x07ec,-0x1.d8p+3, 
0x07ed,-0x1.dap+3, 
0x07ee,-0x1.dcp+3, 
0x07ef,-0x1.dep+3, 
0x07f0,-0x1.ep+3, 
0x07f1,-0x1.e2p+3, 
0x07f2,-0x1.e4p+3, 
0x07f3,-0x1.e6p+3, 
0x07f4,-0x1.e8p+3, 
0x07f5,-0x1.eap+3, 
0x07f6,-0x1.ecp+3, 
0x07f7,-0x1.eep+3, 
0x07f8,-0x1.fp+3, 
0x07f9,-0x1.f2p+3, 
0x07fa,-0x1.f4p+3, 
0x07fb,-0x1.f6p+3, 
0x07fc,-0x1.f8p+3, 
0x07fd,-0x1.fap+3, 
0x07fe,-0x1.fcp+3, 
0x07ff,-0x1.fep+3, 
